Avg CF limit;Time;No. Clusters;No. Base Clusters;Precision;Recall;F-Measure;Precision 0;Precision 1;Precision 2;Precision 3;Precision 4;Precision 5;Recall 0;Recall 1;Recall 2;Recall 3;Recall 4;Recall 5;F-Measure 0;F-Measure 1;F-Measure 2;F-Measure 3;F-Measure 4;F-Measure 5
0;22.189826011657715;4341;5000;0.954513888888901;0.7864583333333434;0.8027218298271022;0.539737387698687;0.009214466712739;0.005298318359824925;0.013360976733471551;0.02073255010366275;0.4116563003916148;0.7862481315396114;0.007473841554559043;0.008968609865470852;0.01046337817638266;0.007473841554559043;0.17937219730941703;0.6400786531121967;0.008253378726916331;0.0066613568894359565;0.01173596959054185;0.010986998718183483;0.24986847647695234
1;23.351818084716797;4341;5000;0.954513888888901;0.7864583333333434;0.8027218298271022;0.539737387698687;0.009214466712739;0.005298318359824925;0.013360976733471551;0.02073255010366275;0.4116563003916148;0.7862481315396114;0.007473841554559043;0.008968609865470852;0.01046337817638266;0.007473841554559043;0.17937219730941703;0.6400786531121967;0.008253378726916331;0.0066613568894359565;0.01173596959054185;0.010986998718183483;0.24986847647695234
2;26.702226161956787;4341;5000;0.954513888888901;0.7864583333333434;0.8027218298271022;0.539737387698687;0.009214466712739;0.005298318359824925;0.013360976733471551;0.02073255010366275;0.4116563003916148;0.7862481315396114;0.007473841554559043;0.008968609865470852;0.01046337817638266;0.007473841554559043;0.17937219730941703;0.6400786531121967;0.008253378726916331;0.0066613568894359565;0.01173596959054185;0.010986998718183483;0.24986847647695234
3;26.408722162246704;4341;5000;0.954513888888901;0.7864583333333434;0.8027218298271022;0.539737387698687;0.009214466712739;0.005298318359824925;0.013360976733471551;0.02073255010366275;0.4116563003916148;0.7862481315396114;0.007473841554559043;0.008968609865470852;0.01046337817638266;0.007473841554559043;0.17937219730941703;0.6400786531121967;0.008253378726916331;0.0066613568894359565;0.01173596959054185;0.010986998718183483;0.24986847647695234
4;21.339640140533447;4338;5000;0.954513888888901;0.7864583333333434;0.8027218298271022;0.5394190871369294;0.009220839096357769;0.005301982480405717;0.013370216689718764;0.02074688796680498;0.4119409866297833;0.7862481315396114;0.007473841554559043;0.008968609865470852;0.01046337817638266;0.007473841554559043;0.17937219730941703;0.6398547741138602;0.00825593395252838;0.006664252082578776;0.011739532731899142;0.010989010989010988;0.24992089451261404
5;22.337289094924927;4336;5000;0.954513888888901;0.7864583333333434;0.8027218298271022;0.5394372693726938;0.00922509225092251;0.005304428044280443;0.013376383763837638;0.020756457564575646;0.41190036900369004;0.7862481315396114;0.007473841554559043;0.008968609865470852;0.01046337817638266;0.007473841554559043;0.17937219730941703;0.6398675656158441;0.008257638315441783;0.006666183609883342;0.011741909361714434;0.01099035291244352;0.24991341885335078
6;22.80542802810669;4331;5000;0.954513888888901;0.7864583333333434;0.8027218298271022;0.5398291387670284;0.009235742322789195;0.005310551835603787;0.013391826368044332;0.020780420226275687;0.4114523204802586;0.7862481315396114;0.007473841554559043;0.008968609865470852;0.01046337817638266;0.007473841554559043;0.17937219730941703;0.6401431669333522;0.008261902303005268;0.006671017330142847;0.011747855148367306;0.01099370915531668;0.24983088748146773
7;22.118549823760986;4329;5000;0.954513888888901;0.7864583333333434;0.8027218298271022;0.5400785400785401;0.00924000924000924;0.005313005313005313;0.013398013398013399;0.02079002079002079;0.41118041118041115;0.7862481315396114;0.007473841554559043;0.008968609865470852;0.01046337817638266;0.007473841554559043;0.17937219730941703;0.640318485797058;0.00826360913128809;0.00667295278160586;0.011750235149410317;0.010995052226498075;0.24978074022101385
8;24.180459022521973;4324;5000;0.954513888888901;0.7864583333333434;0.8027218298271022;0.5397779833487512;0.009250693802035153;0.005319148936170213;0.01341350601295097;0.020814061054579093;0.4114246068455134;0.7862481315396114;0.007473841554559043;0.008968609865470852;0.01046337817638266;0.007473841554559043;0.17937219730941703;0.6401071986276907;0.008267879288962379;0.00667779632721202;0.011756189373099753;0.010998411340584137;0.24982577846744736
9;23.287811040878296;4323;5000;0.954513888888901;0.7864583333333434;0.8027218298271022;0.5396715244043488;0.009252833680314597;0.005320379366180893;0.013416608836456165;0.020818875780707843;0.4115197779319917;0.7862481315396114;0.007473841554559043;0.008968609865470852;0.01046337817638266;0.007473841554559043;0.17937219730941703;0.6400323365083089;0.0082687338501292;0.0066787658802177855;0.011757380942038428;0.010999083409715858;0.24984332127302125
10;22.18179488182068;4322;5000;0.954513888888901;0.7864583333333434;0.8027218298271022;0.5395650161962054;0.00925497454881999;0.005321610365571495;0.013419713095788986;0.020823692734844978;0.4116149930587691;0.7862481315396114;0.007473841554559043;0.008968609865470852;0.01046337817638266;0.007473841554559043;0.17937219730941703;0.6399574277158092;0.008269588587967749;0.006679735714804327;0.011758572752548655;0.010999755560987534;0.2498608665424853
11;20.939252853393555;4313;5000;0.954513888888901;0.7864583333333434;0.8027218298271022;0.539067934152562;0.009274287039183864;0.005332715047530721;0.0134477162068166;0.02086714583816369;0.4120102017157431;0.7862481315396114;0.007473841554559043;0.008968609865470852;0.01046337817638266;0.007473841554559043;0.17937219730941703;0.6396076633674707;0.008277289187790998;0.006688476917484551;0.011769309929992897;0.011005808621216754;0.24993363115801764
12;20.222690105438232;4311;5000;0.954513888888901;0.7864583333333434;0.8027218298271022;0.538854094177685;0.009278589654372536;0.005335189051264208;0.013453954998840176;0.020876826722338204;0.4122013453954999;0.7862481315396114;0.007473841554559043;0.008968609865470852;0.01046337817638266;0.007473841554559043;0.17937219730941703;0.639457117341018;0.008279002380213184;0.006690422514726202;0.011771698632917266;0.011007154650522839;0.24996878906861308
13;21.83845615386963;4306;5000;0.954513888888901;0.7864583333333434;0.8027218298271022;0.5387830933581049;0.009289363678588018;0.005341384115188109;0.013469577333952624;0.02090106827682304;0.41221551323734323;0.7862481315396114;0.007473841554559043;0.008968609865470852;0.01046337817638266;0.007473841554559043;0.17937219730941703;0.6394071211274927;0.008283288465520813;0.006695291463503384;0.011777674634485959;0.01101052116466846;0.24997139411863079
14;22.11906099319458;4294;5000;0.954513888888901;0.7864583333333434;0.8027218298271022;0.5381928272007452;0.009315323707498836;0.00535631113181183;0.01350721937587331;0.02095947834187238;0.4126688402421984;0.7862481315396114;0.007473841554559043;0.008968609865470852;0.01046337817638266;0.007473841554559043;0.17937219730941703;0.6389912694893662;0.008293593199253577;0.006707005905081286;0.011792041823990705;0.011018609206660137;0.25005468182235113
15;23.585952043533325;4288;5000;0.954513888888901;0.7864583333333434;0.8027218298271022;0.5380130597014925;0.009328358208955223;0.005363805970149254;0.013526119402985074;0.020988805970149255;0.41277985074626866;0.7862481315396114;0.007473841554559043;0.008968609865470852;0.01046337817638266;0.007473841554559043;0.17937219730941703;0.6388645468614228;0.008298755186721992;0.006712878511492156;0.01179923857130402;0.011022657685241886;0.25007505783868744
16;21.68514609336853;4281;5000;0.954513888888901;0.7864583333333434;0.8027218298271022;0.5379584209296894;0.00934361130576968;0.005372576500817566;0.013548236393366036;0.02102312543798178;0.4127540294323756;0.7862481315396114;0.007473841554559043;0.008968609865470852;0.01046337817638266;0.007473841554559043;0.17937219730941703;0.6388260238000503;0.008304785632720855;0.0067197428967935135;0.011807645886954878;0.011027384671935305;0.2500703190094838
17;23.800757884979248;4270;5000;0.954513888888901;0.7864583333333434;0.8027218298271022;0.5372365339578454;0.00936768149882904;0.005386416861826698;0.013583138173302109;0.02107728337236534;0.4133489461358314;0.7862481315396114;0.007473841554559043;0.008968609865470852;0.01046337817638266;0.007473841554559043;0.17937219730941703;0.638316758827584;0.008314279775514445;0.006730558197380936;0.011820881616491002;0.011034820990681706;0.2501793956360351
18;22.473521947860718;4254;5000;0.954513888888901;0.7864583333333434;0.8027218298271022;0.53737658674189;0.009402914903620122;0.0054066760695815706;0.013634226610249177;0.021156558533145273;0.4130230371415139;0.7862481315396114;0.007473841554559043;0.008968609865470852;0.01046337817638266;0.007473841554559043;0.17937219730941703;0.6384156043980549;0.008328128253175098;0.006746351836914278;0.01184018664333625;0.011045655375552282;0.25011966809675235
19;20.524842023849487;4244;5000;0.954513888888901;0.7864583333333434;0.8027218298271022;0.5365221489161168;0.00942507068803016;0.005419415645617342;0.013666352497643733;0.02120640904806786;0.413760603204524;0.7862481315396114;0.007473841554559043;0.008968609865470852;0.01046337817638266;0.007473841554559043;0.17937219730941703;0.637812238977095;0.008336807002917883;0.006756260556657119;0.01185228433805284;0.01105243767653199;0.25025474393780683
20;23.864066123962402;4224;5000;0.954513888888901;0.7864583333333434;0.8027218298271022;0.5355113636363636;0.00946969696969697;0.005445075757575758;0.013731060606060606;0.02130681818181818;0.41453598484848486;0.7862481315396114;0.007473841554559043;0.008968609865470852;0.01046337817638266;0.007473841554559043;0.17937219730941703;0.6370974607922354;0.008354218880534668;0.006776165574132725;0.01187655404417142;0.011066027296200664;0.2503963834811318
21;19.776997089385986;4208;5000;0.954513888888901;0.7864583333333434;0.8027218298271022;0.5349334600760456;0.009505703422053232;0.005465779467680608;0.013783269961977186;0.02138783269961977;0.4149239543726236;0.7862481315396114;0.007473841554559043;0.008968609865470852;0.01046337817638266;0.007473841554559043;0.17937219730941703;0.6366883040937243;0.008368200836820083;0.006792174234034699;0.011896041489642241;0.011076923076923078;0.2504671154322028
22;24.32297420501709;4191;5000;0.954513888888901;0.7864583333333434;0.8027218298271022;0.5347172512526843;0.00954426151276545;0.0054879503698401335;0.013839179193509903;0.021474588403722263;0.4149367692674779;0.7862481315396114;0.007473841554559043;0.008968609865470852;0.01046337817638266;0.007473841554559043;0.17937219730941703;0.6365351358575692;0.008383108037304831;0.006809266523573384;0.01191681709446866;0.011088523378303456;0.2504694501806685
23;21.255856037139893;4174;5000;0.954513888888901;0.7864583333333434;0.8027218298271022;0.5342597029228557;0.009583133684714902;0.005510301868711069;0.013655965500718735;0.02156205079060853;0.415428845232391;0.7862481315396114;0.007473841554559043;0.008968609865470852;0.01046337817638266;0.007473841554559043;0.17937219730941703;0.6362108307384564;0.008398068444257821;0.00682644505453736;0.011848376416088848;0.01110014800197336;0.2505590255074579
24;21.511560201644897;4159;5000;0.954513888888901;0.7864583333333434;0.8027218298271022;0.5333012743447945;0.009617696561673479;0.005530175522962251;0.013705217600384708;0.021639817263765328;0.4162058187064198;0.7862481315396114;0.007473841554559043;0.008968609865470852;0.01046337817638266;0.007473841554559043;0.17937219730941703;0.6355307783572601;0.008411313216275891;0.00684167472298654;0.011866876840258157;0.011110425282389974;0.25070016094197217
25;20.57098698616028;4147;5000;0.954513888888901;0.7864583333333434;0.8027218298271022;0.5329153605015674;0.009645526886906198;0.005546177959971064;0.013744875813841331;0.021702435495538942;0.41644562334217505;0.7862481315396114;0.007473841554559043;0.008968609865470852;0.01046337817638266;0.007473841554559043;0.17937219730941703;0.6352566743865532;0.00842193915148963;0.006853907472249125;0.011881718829099788;0.01111866081907468;0.2507436465632549
27;20.862509965896606;4124;5000;0.954513888888901;0.7864583333333434;0.8027218298271022;0.532007759456838;0.009699321047526674;0.005577109602327837;0.013821532492725509;0.021823472356935016;0.41707080504364696;0.7862481315396114;0.007473841554559043;0.008968609865470852;0.01046337817638266;0.007473841554559043;0.17937219730941703;0.6346113978240369;0.008442380751371886;0.006877476265231367;0.011910269995970208;0.011134479772361747;0.25085685116312983
29;20.814260005950928;4102;5000;0.954513888888901;0.7864583333333434;0.8027218298271022;0.5321794246708923;0.009507557289127255;0.00560702096538274;0.013895660653339834;0.021940516821062895;0.41686981960019504;0.7862481315396114;0.007473841554559043;0.008968609865470852;0.01046337817638266;0.007473841554559043;0.17937219730941703;0.6347335146634444;0.008368919121907256;0.006900172504312607;0.011937708498511527;0.011149653121902874;0.25082048367283327
31;22.127619981765747;4081;5000;0.954513888888901;0.7864583333333434;0.8027218298271022;0.5322224944866454;0.009556481254594462;0.0056358735604018625;0.013967164910561138;0.022053418279833373;0.4165645675079637;0.7862481315396114;0.007473841554559043;0.008968609865470852;0.01046337817638266;0.007473841554559043;0.17937219730941703;0.6347641480867434;0.008387818306951135;0.0069219772778571975;0.011964017991004498;0.011164175401600198;0.2507652026404101
33;20.105117082595825;4058;5000;0.954513888888901;0.7864583333333434;0.8027218298271022;0.531789058649581;0.009610645638245442;0.005667816658452439;0.014046328240512568;0.022178413011335635;0.41670773780187287;0.7862481315396114;0.007473841554559043;0.008968609865470852;0.01046337817638266;0.007473841554559043;0.17937219730941703;0.6344557753737204;0.008408615596903906;0.006946017365043413;0.011992966530906687;0.011180124223602483;0.2507911377738393
35;20.065340995788574;4041;5000;0.954513888888901;0.7864583333333434;0.8027218298271022;0.5308092056421678;0.009651076466221232;0.0056916604800791885;0.014105419450631032;0.022271714922048998;0.41747092303885175;0.7862481315396114;0.007473841554559043;0.008968609865470852;0.01046337817638266;0.007473841554559043;0.17937219730941703;0.6337579000671523;0.008424053913945047;0.006963893724926199;0.012014453477868111;0.011191941801902628;0.2509291779540794
37;20.07296586036682;4018;5000;0.954513888888901;0.7864583333333434;0.8027218298271022;0.5313588850174216;0.009706321553011448;0.005724240915878547;0.014186162269785963;0.022399203583872575;0.41662518666002984;0.7862481315396114;0.007473841554559043;0.008968609865470852;0.01046337817638266;0.007473841554559043;0.17937219730941703;0.6341495229944918;0.008445031506463696;0.006988226357766806;0.012043646900798382;0.0112079701120797;0.2507761852507949
39;20.39550495147705;3999;5000;0.954513888888901;0.7864583333333434;0.8027218298271022;0.5313828457114279;0.009752438109527382;0.005751437859464866;0.014253563390847712;0.02250562640660165;0.4163540885221305;0.7862481315396114;0.007473841554559043;0.008968609865470852;0.01046337817638266;0.007473841554559043;0.17937219730941703;0.6341665865270735;0.008462439786486134;0.007008455854346004;0.012067870429180654;0.011221245558256966;0.25072705198068723
41;20.38338589668274;3966;5000;0.954513888888901;0.7864583333333434;0.8027218298271022;0.5330307614725164;0.009833585476550681;0.005799293998991427;0.014372163388804841;0.022945032778618254;0.4140191628845184;0.7862481315396114;0.007473841554559043;0.008968609865470852;0.01046337817638266;0.007473841554559043;0.17937219730941703;0.6353386573236863;0.008492846410139152;0.007043871066533957;0.01211017527885272;0.011275074650906342;0.2503020163641421
43;20.273149967193604;3935;5000;0.954513888888901;0.7864583333333434;0.8023051631604355;0.5324015247776366;0.009911054637865312;0.005844980940279542;0.014485387547649302;0.023125794155019058;0.4142312579415502;0.7862481315396114;0.007473841554559043;0.008968609865470852;0.01046337817638266;0.007473841554559043;0.17937219730941703;0.6348914620041396;0.008521609928768081;0.0070774674974998075;0.012150187277322696;0.011296769868659533;0.25034076292499374
45;19.912837028503418;3908;5000;0.954513888888901;0.7864583333333434;0.8018587345890069;0.5324974411463664;0.009979529170931423;0.005885363357215967;0.01458546571136131;0.02328556806550665;0.41376663254861823;0.7847533632286996;0.007473841554559043;0.008968609865470852;0.01046337817638266;0.008968609865470852;0.17937219730941703;0.6344716685119641;0.008546821239946526;0.007106991116261104;0.012185252485150178;0.012949589099576648;0.2502558467511815
47;20.15934991836548;3888;5000;0.954513888888901;0.7864583333333434;0.8018587345890069;0.5324074074074074;0.010030864197530864;0.0059156378600823045;0.014660493827160493;0.023405349794238684;0.41358024691358025;0.7847533632286996;0.007473841554559043;0.008968609865470852;0.01046337817638266;0.008968609865470852;0.17937219730941703;0.6344077547482071;0.008565592673123805;0.00712901975978303;0.01221135748060414;0.012968043036802166;0.2502217450165725
49;20.28105902671814;3869;5000;0.954513888888901;0.7864583333333434;0.8018587345890069;0.5324373223055053;0.01008012406306539;0.005944688550012923;0.014732489015249418;0.023520289480485915;0.413285086585681;0.7847533632286996;0.007473841554559043;0.008968609865470852;0.01046337817638266;0.008968609865470852;0.17937219730941703;0.6344289919090504;0.008583502068844086;0.007150073832284138;0.012236261040235523;0.01298562306018337;0.25016769762407176
51;20.177987098693848;3844;5000;0.954513888888901;0.7864583333333434;0.8018587345890069;0.5325182101977107;0.010145681581685745;0.005983350676378772;0.014828303850156087;0.023673257023933404;0.41285119667013526;0.7847533632286996;0.007473841554559043;0.008968609865470852;0.01046337817638266;0.008968609865470852;0.17937219730941703;0.6344864109474035;0.008607181479111032;0.007177966762893033;0.012269184053135715;0.013008827418605482;0.2500881493752721
55;20.61801505088806;3794;5000;0.954513888888901;0.7864583333333434;0.8018587345890069;0.52925672113864;0.010279388508170796;0.006062203479177649;0.015023721665788086;0.023985239852398525;0.415392725355825;0.7847533632286996;0.007473841554559043;0.008968609865470852;0.01046337817638266;0.008968609865470852;0.17937219730941703;0.6321656079601776;0.008654934422227648;0.007234410631438233;0.012335564452551358;0.013055485814712529;0.25055245544585936
60;20.186228036880493;3735;5000;0.954513888888901;0.7864583333333434;0.8014420679223403;0.5295850066934404;0.009906291834002677;0.006157965194109772;0.015261044176706828;0.02436412315930388;0.4147255689424364;0.7832585949177877;0.008968609865470852;0.008968609865470852;0.01046337817638266;0.008968609865470852;0.17937219730941703;0.6319138208437817;0.009414159404618028;0.007302166838637987;0.012414823112106788;0.013110975038720598;0.2504309586986967
65;20.295818090438843;3687;5000;0.954513888888901;0.7864583333333434;0.8014420679223403;0.5286140493626255;0.009764035801464606;0.006238133984269053;0.015459723352318959;0.024681312720368862;0.41524274477895307;0.7832585949177877;0.008968609865470852;0.008968609865470852;0.01046337817638266;0.008968609865470852;0.17937219730941703;0.6312220921180678;0.009349435138293729;0.00735823402383428;0.012480060054424322;0.013156467994361511;0.2505251660383765
70;20.20377802848816;3634;5000;0.954513888888901;0.7864583333333434;0.8014420679223403;0.5261419922949917;0.009906439185470555;0.006329113924050633;0.015685195376995045;0.025041276829939462;0.4168959823885526;0.7832585949177877;0.008968609865470852;0.008968609865470852;0.01046337817638266;0.008968609865470852;0.17937219730941703;0.6294563201463618;0.009414225941422593;0.007421150278293135;0.012552893615013135;0.01320706795834694;0.2508252191099016
75;20.265010833740234;3589;5000;0.954513888888901;0.7864583333333434;0.8014420679223403;0.5243800501532461;0.010030649205906938;0.006408470325996099;0.015881861242685986;0.025355252159375872;0.4179437169127891;0.7832585949177877;0.008968609865470852;0.008968609865470852;0.01046337817638266;0.008968609865470852;0.17937219730941703;0.6281937029532177;0.009469946073918191;0.007475420492402698;0.012615404072340963;0.013250336718721561;0.25101451700623356
80;20.325013875961304;3552;5000;0.954513888888901;0.7864583333333434;0.8010254012556737;0.5236486486486487;0.009853603603603604;0.006475225225225225;0.016047297297297296;0.025619369369369368;0.41835585585585583;0.7817638266068759;0.008968609865470852;0.008968609865470852;0.01046337817638266;0.01046337817638266;0.17937219730941703;0.6271880790551754;0.009390301160372929;0.007520640889397531;0.012667269869993808;0.014858355784145644;0.25108879773918696
85;20.908190965652466;3510;5000;0.954513888888901;0.7864583333333434;0.8010254012556737;0.5222222222222223;0.009971509971509971;0.0065527065527065526;0.01623931623931624;0.025925925925925925;0.41908831908831906;0.7817638266068759;0.008968609865470852;0.008968609865470852;0.01046337817638266;0.01046337817638266;0.17937219730941703;0.6261638200043306;0.009443507588532882;0.007572639723434027;0.012726663795990623;0.01490947816826411;0.25122055875653504
90;21.83716893196106;3473;5000;0.954513888888901;0.7864583333333434;0.8010254012556737;0.5214511949323352;0.010077742585660812;0.006622516556291391;0.01641232363950475;0.02620213072271811;0.4192340915634898;0.7817638266068759;0.008968609865470852;0.008968609865470852;0.01046337817638266;0.01046337817638266;0.17937219730941703;0.6256092429897838;0.009490881974103452;0.007619047619047618;0.012779450387547242;0.014954806902218572;0.25124674293799937
95;21.83236002922058;3429;5000;0.954513888888901;0.7864583333333434;0.8010254012556737;0.5220180810731991;0.010207057451151939;0.006707494896471274;0.016622922134733157;0.026538349372995044;0.4179060950714494;0.7817638266068759;0.008968609865470852;0.008968609865470852;0.01046337817638266;0.01046337817638266;0.17937219730941703;0.6260170511859899;0.009547841505831002;0.00767498122966547;0.012842796446504441;0.015009071416790367;0.25100773123080056
100;23.27004885673523;3399;5000;0.954513888888901;0.7864583333333434;0.8010254012556737;0.5225066195939982;0.010002942041776994;0.006766696087084437;0.01676963812886143;0.026772580170638424;0.41718152397764047;0.7817638266068759;0.008968609865470852;0.008968609865470852;0.01046337817638266;0.01046337817638266;0.17937219730941703;0.6263682130512933;0.00945757997218359;0.007713591011989603;0.012886348222071504;0.015046296296296297;0.25087687483137017
110;20.323869943618774;3312;5000;0.954513888888901;0.7864583333333434;0.8010254012556737;0.5178140096618358;0.010265700483091788;0.006944444444444444;0.017210144927536232;0.02747584541062802;0.42028985507246375;0.7817638266068759;0.008968609865470852;0.008968609865470852;0.01046337817638266;0.01046337817638266;0.17937219730941703;0.6229842497562954;0.009573419681824579;0.007827788649706457;0.013014335339302314;0.015155300191523023;0.2514360030345724
120;20.876097917556763;3249;5000;0.954513888888901;0.7864583333333434;0.8010254012556737;0.5143120960295475;0.010464758387196061;0.007079101261926747;0.017543859649122806;0.028008618036318867;0.422591566635888;0.7817638266068759;0.008968609865470852;0.008968609865470852;0.01046337817638266;0.01046337817638266;0.17937219730941703;0.6204429620826332;0.009659090909090909;0.007912617184140363;0.013108614232209739;0.01523522517997656;0.2518463150509356
130;19.70381498336792;3167;5000;0.954513888888901;0.7864583333333434;0.8010254012556737;0.5112093463845911;0.0107357120303126;0.007262393432270287;0.017998105462582886;0.028733817492895483;0.42406062519734766;0.7817638266068759;0.008968609865470852;0.008968609865470852;0.01046337817638266;0.01046337817638266;0.17937219730941703;0.6181798403476316;0.009772923253808567;0.008025822210590595;0.01323339192729926;0.015340525960890087;0.25210655866569365
140;19.688612937927246;3105;5000;0.954513888888901;0.7864583333333434;0.8008691512556737;0.5101449275362319;0.010950080515297906;0.007407407407407408;0.018035426731078906;0.02930756843800322;0.4241545893719807;0.7817638266068759;0.008968609865470852;0.008968609865470852;0.01046337817638266;0.01046337817638266;0.17937219730941703;0.6174009571431924;0.009860788863109048;0.008113590263691682;0.013243466950455243;0.01542111506524318;0.25212316130282775
150;19.909231901168823;3024;5000;0.954513888888901;0.7864583333333434;0.8008691512556737;0.5085978835978836;0.011243386243386243;0.007605820105820105;0.018518518518518517;0.03009259259259259;0.42394179894179895;0.7817638266068759;0.008968609865470852;0.008968609865470852;0.01046337817638266;0.01046337817638266;0.17937219730941703;0.6162666243754965;0.009977989728539987;0.008231189048939786;0.013371537726838587;0.015527685351079257;0.2520855557139557
160;19.78176999092102;2940;5000;0.954513888888901;0.7864583333333434;0.8005913734778959;0.5098639455782313;0.011564625850340135;0.007823129251700681;0.01904761904761905;0.030952380952380953;0.4207482993197279;0.7817638266068759;0.008968609865470852;0.008968609865470852;0.01046337817638266;0.01046337817638266;0.17937219730941703;0.6171951358243084;0.010102510771059278;0.00835679898265056;0.013506994693680656;0.01563976970009453;0.251517978096383
170;19.788972854614258;2884;5000;0.954513888888901;0.7864583333333434;0.8005913734778959;0.5069348127600555;0.011789181692094313;0.0079750346740638;0.019417475728155338;0.03155339805825243;0.4223300970873786;0.7817638266068759;0.008968609865470852;0.008968609865470852;0.01046337817638266;0.01046337817638266;0.17937219730941703;0.615044180163368;0.010187265917602996;0.008442690648802422;0.013598834385624089;0.0157153959070892;0.2517998625230635
180;19.695747137069702;2811;5000;0.954513888888901;0.7864583333333434;0.8005913734778959;0.5069370330843116;0.012095339736748489;0.008182141586623977;0.019921736036997508;0.03237282106012095;0.4204909284951974;0.7817638266068759;0.008968609865470852;0.008968609865470852;0.01046337817638266;0.01046337817638266;0.17937219730941703;0.6150458143214008;0.010299909118448955;0.00855734350292996;0.013720445914492221;0.01581508515815085;0.25147197268274
190;19.90381908416748;2744;5000;0.954513888888901;0.7864583333333434;0.7999961353826578;0.5069241982507289;0.01239067055393586;0.008381924198250729;0.02040816326530612;0.03316326530612245;0.41873177842565595;0.7802690582959642;0.008968609865470852;0.008968609865470852;0.01046337817638266;0.01195814648729447;0.17937219730941703;0.614573242649962;0.010405508798775822;0.008665348026749552;0.01383399209486166;0.017577959942533593;0.2511564618415408
200;19.66428303718567;2689;5000;0.954513888888901;0.7864583333333434;0.7999961353826578;0.5013015991074748;0.012644105615470434;0.008553365563406471;0.020825585719598364;0.03384157679434734;0.4228337671997025;0.7802690582959642;0.008968609865470852;0.008968609865470852;0.01046337817638266;0.01195814648729447;0.17937219730941703;0.6104230373850017;0.010493827160493827;0.008756067383648996;0.013928615843800521;0.017671833088565497;0.25188930827363326
220;19.596091985702515;2582;5000;0.954513888888901;0.7864583333333434;0.7999961353826578;0.4992254066615027;0.013168086754453912;0.008907823392718823;0.021301316808675447;0.03524399690162665;0.42215336948102244;0.7802690582959642;0.008968609865470852;0.008968609865470852;0.01046337817638266;0.01195814648729447;0.17937219730941703;0.6088813177415962;0.010670014122077515;0.008938113280870495;0.014033425066977712;0.017857361869135956;0.25176844232712575
240;19.80374002456665;2495;5000;0.954513888888901;0.7864583333333434;0.7999961353826578;0.49739478957915834;0.013226452905811623;0.009218436873747494;0.022044088176352707;0.03647294589178357;0.4216432865731463;0.7802690582959642;0.007473841554559043;0.01046337817638266;0.01046337817638266;0.01195814648729447;0.17937219730941703;0.6075177985378541;0.009550821949525352;0.0098015341531718;0.014190932546995945;0.018011108499610337;0.2516776516465508
260;20.135858058929443;2430;5000;0.954513888888901;0.7864583333333434;0.7997580401445625;0.4962962962962963;0.013580246913580247;0.009465020576131687;0.02263374485596708;0.037448559670781895;0.4205761316872428;0.7802690582959642;0.007473841554559043;0.01046337817638266;0.01046337817638266;0.01195814648729447;0.17937219730941703;0.6066977179880826;0.009641511087737751;0.009939191900484612;0.01431093764520026;0.018127715733512618;0.2514872072493279
280;20.167500972747803;2391;5000;0.954513888888901;0.7864583333333434;0.7997580401445625;0.49519029694688416;0.013801756587202008;0.009619406106231703;0.02300292764533668;0.03805938937682978;0.4203262233375157;0.7802690582959642;0.007473841554559043;0.01046337817638266;0.01046337817638266;0.01195814648729447;0.17937219730941703;0.6058706066764108;0.00969675599435825;0.010023658323994522;0.01438391989837854;0.01819840763933156;0.2514425106722334
300;20.079392910003662;2340;5000;0.954513888888901;0.7864583333333434;0.7997580401445625;0.49188034188034185;0.014102564102564103;0.009829059829059829;0.023504273504273504;0.03888888888888889;0.4217948717948718;0.7802690582959642;0.007473841554559043;0.01046337817638266;0.01046337817638266;0.01195814648729447;0.17937219730941703;0.6033866951477254;0.009769961808331111;0.010136304970566942;0.014480488951574987;0.018291687081496;0.25170464869413867
320;20.248075008392334;2311;5000;0.954513888888901;0.7864583333333434;0.7997580401445625;0.4919948074426655;0.014279532669839896;0.0099524015577672;0.023799221116399826;0.039376893119861534;0.42059714409346605;0.7802690582959642;0.007473841554559043;0.01046337817638266;0.01046337817638266;0.01195814648729447;0.17937219730941703;0.6034728100478141;0.009812083729781162;0.010201495374477253;0.014535981273125428;0.018345156047223657;0.2514909636605907
340;21.439942836761475;2274;5000;0.954513888888901;0.7864583333333434;0.7997580401445625;0.49428320140721194;0.014511873350923483;0.010114335971855761;0.024186455584872472;0.04001759014951627;0.41688654353562005;0.7802690582959642;0.007473841554559043;0.01046337817638266;0.01046337817638266;0.01195814648729447;0.17937219730941703;0.6051911722840415;0.009866355726971029;0.010285896821593995;0.014607402348566768;0.01841383060793464;0.250823510735405
360;20.529757022857666;2243;5000;0.954513888888901;0.7864583333333434;0.7997580401445625;0.49398127507802053;0.014712438698172091;0.010254123941150245;0.024520731163620153;0.04057066428889879;0.4159607668301382;0.7802690582959642;0.007473841554559043;0.01046337817638266;0.01046337817638266;0.01195814648729447;0.17937219730941703;0.6049648082891149;0.009912291241139012;0.010357694287184766;0.014667784212130445;0.018471765855143804;0.2506556876072523
380;26.40005588531494;2222;5000;0.954513888888901;0.7864583333333434;0.7997580401445625;0.4936993699369937;0.0144014401440144;0.010351035103510351;0.024752475247524754;0.04095409540954095;0.4158415841584158;0.7802690582959642;0.007473841554559043;0.01046337817638266;0.01046337817638266;0.01195814648729447;0.17937219730941703;0.6047533579719259;0.009840703610308135;0.010406903461426587;0.014708972473208657;0.018511219884304875;0.2506340444577055
400;25.974529027938843;2198;5000;0.953732638888901;0.7864583333333434;0.799311611573134;0.4931756141947225;0.014558689717925387;0.010464058234758872;0.02502274795268426;0.041401273885350316;0.4153776160145587;0.7787742899850523;0.007473841554559043;0.01046337817638266;0.01046337817638266;0.013452914798206279;0.17937219730941703;0.6039113451250405;0.009877152910673497;0.010463718194521172;0.014756328931986739;0.02030721166362926;0.2505497068801691
420;20.933249950408936;2180;5000;0.953732638888901;0.7864583333333434;0.7990464600579824;0.49128440366972476;0.014678899082568808;0.01055045871559633;0.02522935779816514;0.04174311926605505;0.41651376146788993;0.7787742899850523;0.007473841554559043;0.01046337817638266;0.01046337817638266;0.013452914798206279;0.17937219730941703;0.6024913093545843;0.009904667574594527;0.010506738016771626;0.014792046873499182;0.02034807885812246;0.2507559961889507
440;22.484181880950928;2171;5000;0.953732638888901;0.7864583333333434;0.7990464600579824;0.490557346844772;0.014739751266697375;0.010594196222938737;0.025333947489636112;0.041916167664670656;0.4168585905112851;0.7787742899850523;0.007473841554559043;0.01046337817638266;0.01046337817638266;0.013452914798206279;0.17937219730941703;0.6019442648418074;0.009918482472181757;0.010528380852733455;0.014809970764733038;0.020368574199806012;0.2508184510921342
460;20.689296007156372;2154;5000;0.953732638888901;0.7864583333333434;0.7990464600579824;0.48978644382544106;0.014856081708449397;0.010677808727948004;0.0255338904363974;0.04224698235840297;0.4168987929433612;0.7787742899850523;0.007473841554559043;0.01046337817638266;0.01046337817638266;0.013452914798206279;0.17937219730941703;0.601363545107873;0.009944682702467523;0.01056950599048088;0.014843945790681087;0.020407400485890487;0.25082572779263584
480;20.38306999206543;2144;5000;0.953732638888901;0.7864583333333434;0.7990464600579824;0.48880597014925375;0.014925373134328358;0.010727611940298507;0.025652985074626867;0.042444029850746266;0.41744402985074625;0.7787742899850523;0.007473841554559043;0.01046337817638266;0.01046337817638266;0.013452914798206279;0.17937219730941703;0.6006239357231803;0.0099601593625498;0.010593847672314525;0.014864004015211473;0.020430308699719364;0.2509243196831905
500;19.906673908233643;2136;5000;0.953732638888901;0.7864583333333434;0.7990464600579824;0.48829588014981273;0.0149812734082397;0.010767790262172285;0.025749063670411985;0.04260299625468165;0.41760299625468167;0.7787742899850523;0.007473841554559043;0.01046337817638266;0.01046337817638266;0.013452914798206279;0.17937219730941703;0.600238702369295;0.009972575417601597;0.010613401891954252;0.014880089667033837;0.0204486723343695;0.2509530307079858
